{
  "intents": [
    {
      "tag": "greeting",
      "patterns": [
        "Hi",
        "Hey",
        "How are you",
        "Is anyone there?",
        "Hello",
        "Good day"
      ],
      "responses": [
        "Hey :-)",
        "Hello, thanks for visiting",
        "Hi there, what can I do for you?",
        "Hi there, how can I help?"
      ]
    },
    {
      "tag": "goodbye",
      "patterns": ["Bye", "See you later", "Goodbye"],
      "responses": [
        "See you later, thanks for visiting",
        "Have a nice day",
        "Bye! Come back again soon."
      ]
    },
    {
      "tag": "thanks",
      "patterns": ["Thanks", "Thank you", "That's helpful", "Thank's a lot!"],
      "responses": ["Happy to help!", "Any time!", "My pleasure"]
    },

    {
      "tag": "Morning",
      "patterns": [
        "Good Morning"
      ],
      "responses": [
        "Good morning How can I help you"
      ]
    },
    {
      "tag": "Name",
      "patterns": [
        "What is your name?",
        "your name",
        "name"
      ],
      "responses": [
        "My name is DotBot"
      ]
    },
    {
      "tag": "Branch",
      "patterns": [
        "What are the Honda Divisions",
        "Honda Divisions",
        "Honda Branch"

      ],
      "responses": [
        "AHFC and HCFI"
      ]
    },
    {
      "tag": "Slogan",
      "patterns": [
        "What is Honda's slogan",
        "slogan",
        "Honda slogan",
        "Honda tag line"
      ],
      "responses": [
        "The Power of Dreams."
      ]
    },
    {
      "tag": "Founder",
      "patterns": [
        "Who is Honda company' founder",
        "honda founder",
        "Who is honda founder"
      ],
      "responses": [
        "Soichiro Honda"
      ]
    },
    {
      "tag": "Projects",
      "patterns": [
        "What are Honda projects handled in Cognizant",
        "Honda Projects",
        "cognizant honda projects",
        "projects in honda"
      ],
      "responses": [
        "N-Originations,CASS and C-LOS.For more details please look into the link below"
      ]
    },
    {
      "tag": "AHFC",
      "patterns": [
        "What is AHFC",
        "AHFC"
      ],
      "responses": [
        "American Honda Finance Corp."
      ]
    },
    {
      "tag": "HCFI",
      "patterns": [
        "What is HCFI",
        "HCFI"
      ],
      "responses": [
        "Honda Canada Finance Inc."
      ]
    },
    {
      "tag": "Finance",
      "patterns": [
        "What are the Finance Types supported by Honda Finance",
        "Honda Finances",
        "Finance in honda",
        "Finance types",
        "Finance supported"
      ],
      "responses": [
        "Retail,Lease and Balloon"
      ]
    },
    {
      "tag": "Customer Types",
      "patterns": [
        "What are the customer types ",
        "Who are the customers",
        "Consumer types",
        "Clients for Honda Finance"
      ],
      "responses": [
        "Personal and Commercial. Personal for Individuals and Commercial for Business"
      ]
    },
    {
      "tag": "Address Types",
      "patterns": [
        "What are the address types",
        "Address types",
        "Address",
        "Types of address"
      ],
      "responses": [
        "Garaging Address and billing address"
      ]
    },
    {
      "tag": "Vehicles",
      "patterns": [
        "What are the vehicle types applicable for loan",
        "loan for vehicles",
        "Automobile loan"
      ],
      "responses": [
        "Auto, Motorcycle, Powers ports and Marine"
      ]
    },
    {
      "tag": "application in CASS",
      "patterns": [
        "CASS application",
        "applications involved in CASS",
        "Application in CASS "

      ],
      "responses": [
        "CASS GUI,AF"
      ]
    },
    {
      "tag": "applications in N-Origination",
      "patterns": [
        "What are the applications involved in N-Origination ",
        "Application in N-Orgination",
        "N-Origination application"
      ],
      "responses": [
        "iDeal and Originate"
      ]
    },
    {
      "tag": "applications in CLOS",
      "patterns": [
        "What are the applications involved in CLOS ",
        "Application in CLOS",
        "CLOS application"
      ],
      "responses": [
        "Ebiz and Defi"
      ]
    },
    {
      "tag": "Headquarters",
      "patterns": [
        "where is the company headquarters located ? ",
        "Honda headquarters",
        "Headquarters of honda",
        "Where is headquarters"
      ],
      "responses": [
        "The company’s headquarters is located at Torrance, California"
      ]
    },
     {
      "tag": "Testing Services",
      "patterns": [
        "To whom we providing testing services? ",
        "services testing",
        "test services",
        "services test"
      ],
      "responses": [
        "The testing services include Functional Testing, Automation Testing, Salesforce testing, API testing using Soap UI/Postman and Performance testing across N- Originations, CASS AMS, C-LOS and related Projects"
      ]
    },

    {
      "tag": "Process",
      "patterns": [
        "What are the QA process in Honda?",
        "QA process",
        "Steps in QA process"
      ],
      "responses": [
        "Navigate to Projects > Process > QA Handbook"
      ]
    },
    {
      "tag": "KT",
      "patterns": [
        "where can we find the KT recordings",
        "KT videos",
        "Knowledge Transfer",
        "Knowledge Transfer resource",
        "KT resources"
      ],
      "responses": [
        "Navigate to Documents > download KT videos"
      ]
    },
     {
      "tag": "innovations",
      "patterns": [
        "What are the innovations done in Honda",
        "Honda innovations",
        "Innovations of Honda"
      ],
      "responses": [
        "Please visit the link"
      ]
    },
    {
      "tag": "tools",
      "patterns": [
        "what are the automation tools used in Honda",
        "Automation tool",
        "Tools used in Honda",
        "what are the tools in Performance "
      ],
      "responses": [
        "UFT,Selenium,Load Runner"
      ]
    },
    {
      "tag": "types of testing",
      "patterns": [
        "Different types of testing in Honda",
        "Types of testing",
        "Testing types in honda"
      ],
      "responses": [
        "Functional,Automation,Performance, Salesforce"
      ]
    },
     {
      "tag": "manual",
      "patterns": [
        "what are manual tools",
        "manual testing",
        "manual testing tools"
      ],
      "responses": [
        "these are the mentioned below for manual"
      ]
    },
    {
      "tag": "performance",
      "patterns": [
        "Performance testing in Honda",
        "performance testing",
        "honda performance testing"
      ],
      "responses": [
        "Implemented in N-Origenations, CASS Systems projects focused on the application's performance. The team identifies Critical scenario and collects NFR and Scripts based on the scenarios either API or UI. High Load, Peak, Endurance testing is also performed."
      ]
    },
        {
      "tag": "project name",
      "patterns": [
        "what is this project name?",
        "project name",
        "Name of this project"
      ],
      "responses": "Honda"
    },
    {
      "tag": "founder",
      "patterns": [
        "what is founder name ?",
        "Honda founder",
        "Founder of honda"
      ],
      "responses": [
        "Soichiro Honda"
      ]
    },
    {
      "tag": "FCRA",
      "patterns": [
        "What is FCRA",
        "full form FCRA",
        "FCRA"
      ],
      "responses": [
        "Fair credit Reporting agency, follow the link bellow "
      ]
    },
    {
      "tag": "Thrubill",
      "patterns": [
        "What is ThruBill?",
        "What is Thru Bill",
        "thrubill"
      ],
      "responses": [
        "A Thrubill is a charge that AHFC pays and is posted to an account for payment by the customer."
      ]
    },
    {
      "tag": "Payment",
      "patterns": [
        "What are the different Payment Types",
        "payment types",
        "payments in honda",
        "What are the different Payment frequencies"
      ],
      "responses": [
        "US- Monthly, Canada - Monthly, Bi weekly, Semi Monthly, Weekly"
      ]
    },
    {
      "tag": "Fees",
      "patterns": [
        "What are fees",
        "what is fees"
      ],
      "responses": [
        "Fees are charged to customer by Honda"
      ]
    },
    {
      "tag": "Frequency",
      "patterns": [
        "What are the different Payment frequencies in the US"
      ],
      "responses": [
        "Monthly"
      ]
    },
    {
      "tag": "Maturity",
      "patterns": [
        "What is maturity",
        "what is maturity date"
      ],
      "responses": [
        "A maturity date is the date on which the principal amount of a note, draft, acceptance bond, or other debt instrument becomes due.It is the termination or due date on which an installment loan must be paid back in full."
      ]
    },
    {
      "tag": "Repossession",
      "patterns": [
        "What is Repossession",
        "repossession",
        "repossession in honda"
      ],
      "responses": [
        "When the customer doesn't make payment on time, CAR CSR Explore various options such as making collection calls and sending collection letters to bring the account current. If the efforts fail, the vehicle is Repossessed."
      ]
    },
    {
      "tag": "Repossession types",
      "patterns": [
        "What is Repossession Types ",
        "repossession types"
      ],
      "responses": [
        "1. Voluntary Repossession 2. InVoluntary Repossession"
      ]
    }, {
      "tag": "Involuntary Repossession",
      "patterns": [
        "What is Involuntary Repossession",
        "Involuntary Repossession",
        "Involuntary Repossession in honda"
      ],
      "responses": [
        "When Collection efforts fail to solve customer's delinquency problems, vehicle repossession becomes necessary. Account is sent for review by a supervisor and assigned to National Forwarding agency (National Repossession agency)"
      ]
    },
    {
      "tag": "Reinstatement",
      "patterns": [
        "What is Reinstatement",
        "reinstatement",
        "reinstatement in honda"
      ],
      "responses": [
        "After Repossession, if the customer requests to reinstate the account. Customer pays the remaining due amount. The vehicle will be released to customer and customer can start making regular monthly payment."
      ]
    },
    {
      "tag": "Redemption",
      "patterns": [
        "What is redemption",
        "redemption",
        "redemption in honda"
      ],
      "responses": [
        "After repossession, Customer pays the outstanding account balance to redeem (payoff)  the vehicle."
      ]
    },
    {
      "tag": "Remarketing",
      "patterns": [
        "what is remarketing",
        "remarketing",
        "remarketing in honda"
      ],
      "responses": [
        "Remarketing Center (RMC) is responsible for  auction process and liqidation of repossession inventory."
      ]
    },
    {
      "tag": "Bankruptcy",
      "patterns": [
        "What is bankruptcy",
        "what is BKC",
        "BYC",
        "bankruptcy"
      ],
      "responses": [
        "Bankruptcy is a legal process through which people or other entities who cannot repay debts to creditors may seek relief from some or all of their debts."
      ]
    },
     {
      "tag": "Bankruptcy chapters",
      "patterns": [
        "What are the BKC Chapters",
        "Bankruptcy chapter",
        "BKC chapter"
      ],
      "responses": [
        "Chapter 7, Chapter 11, Chapter 12, Chapter 13"
      ]
    },
    {
      "tag": "Chargeoff",
      "patterns": [
        "what is chargeoff",
        "chargeoff",
        "charge off"
      ],
      "responses": [
        "A charge-off means that a lender has written off a loan as a loss. If the customer has reached delinquency period of 120 days, the account will be systematically charged off. Having a charge-off on the credit report can negatively affect the ability to get future loans."
      ]
    },
    {
      "tag": "Payoff",
      "patterns": [
        "What is payoff",
        "payoff",
        "pay off",
        "pay-off"
      ],
      "responses": [
        "Customer pays the  amount owe to the loan company. "
      ]
    },
    {
      "tag": "Voluntary Repossesion",
      "patterns": [
        "What is Voluntary Repossesion",
        "Voluntary Repossesion"
      ],
      "responses": [
        "Voluntary surrender occurs when a customer can no longer afford due to severe financial hardship conditions.  "
      ]
    },
    {
      "tag": "frequencies Canada",
      "patterns": [
        "What are the different Payment frequencies in Canada",
        "frequencies payment in canada",
        "frequencies Canada"
      ],
      "responses": [
        "Monthly, Bi weekly, Semi Monthly, Weekly"
      ]
    },
    {
      "tag": "Delinquency",
      "patterns": [
        "What is delinquent",
        "Delinquency",
        "delinquent",
        "what is delinquency"
      ],
      "responses": [
        "Delinquent refers to the state of being past due on debt. If the customer fails to make the repayment before the due date will be considered delinquent"
      ]
    },
     {
      "tag": "Short_payoff",
      "patterns": [
        "short payoff",
        "What is short payoff",
        "short pay-off"
      ],
      "responses": [
        "A “short payoff” is when a borrower cannot pay the mortgage or similar payments on a property, so the lender allows the property to be sold or paid off for less than the total amount owed."
      ]
    },
    {
      "tag": "Deferral",
      "patterns": [
        "What is deferral",
        "deferral"
      ],
      "responses": [
        "A deferral period is an agreed-upon time during which a borrower does not have to pay the lender interest or principal on a loan."
      ]
    },
    {
      "tag": "Suspense",
      "patterns": [
        "What is Suspense account",
        "Suspense account",
        "suspense"
      ],
      "responses": [
        "A suspense account is a temporary account that records amounts that have not yet been assigned to the correct accounts."
      ]
    },
    {
      "tag": "Payoff_types",
      "patterns": [
        "Payoff types",
        "what are payoff types"
      ],
      "responses": [
        "Customer payoff,dealer payoff,non honda dealer payoff, Insurance payoff"
      ]
    },
    {
      "tag": "Retail",
      "patterns": [
        "What is Retail account",
        "Retail account",
        "retail account in honda"
      ],
      "responses": [
        "Auto Retail Finance is the financial assistance taken by the customer for the purchase of his new \/ pre-owned automobile from the Financier at the agreed terms of repayment with ownership of the automobile remaining with the financier till the repayment."
      ]
    },
    {
      "tag": "Lease account",
      "patterns": [
        "Define Lease account",
        "lease account",
        "Lease account in honda"
      ],
      "responses": [
        "Leasing the vehicle"
      ]
    },
    {
      "tag": "ACV",
      "patterns": [
        "Actual Cash Value",
        "AVC",
        "what is AVC"
      ],
      "responses": [
        "An Actual Cash Value (ACV) is the value of the car according to widely recognized independent sources such as the National Automobile Dealers Association  or Kelley Blue Book . "
      ]
    },
    {
      "tag": "Amortization",
      "patterns": [
        "Amortization",
        "What is amortization"
      ],
      "responses": [
        "Amortization describes the process of gradually paying off  your auto loan. In an amortizing loan, for each of your monthly payments, a portion is applied towards the amount of the loan – the principal – and a portion of the payment is applied towards paying the finance charge – the interest."
      ]
    },
    {
      "tag": "APR",
      "patterns": [
        "APR",
        "what is APR",
        "Annual Percentage Rate (APR)"
      ],
      "responses": [
        "The Annual Percentage Rate (APR) is the cost you pay each year to borrow money, including fees, expressed as a percentage. The APR is a broader measure of the cost to you of borrowing money since it reflects not only the interest rate but also the fees that you have to pay to get the loan. The higher the APR, the more you’ll pay over the life of the loan."
      ]
    },
    {
      "tag": "Joint",
      "patterns": [
        "Who is joint customer",
        "what is joint customer",
        "Joint Customer"
      ],
      "responses": [
        "Joint Customer is the Co applicant of primary customer for Retail application."
      ]
    },
    {
      "tag": "Lessee",
      "patterns": [
        "what is Lessee",
        "lease amount",
        "lessee",
        "lease",
        "explain lease"
      ],
      "responses": [
        "An individual who agrees to temporary use of a vehicle in a lease agreement"
      ]
    },
    {
      "tag": "co lessee",
      "patterns": [
        "Who is co lessee",
        "what is co lessee",
        "co lease",
        "explain co lessee"
      ],
      "responses": [
        "A co-lessee is a person or entity with a non-exclusive leasehold interest."
      ]
    },
    {
      "tag": "Lessor",
      "patterns": [
        "Who is Lessor",
        "Lessor",
        "explain in lessor"
      ],
      "responses": [
        "Leasing company or dealership that provides temporary use of a vehicle during a lease agreementA lessor is someone who grants the use of an asset to someone else; they have legal rights to lease an asset under an agreement. The lessor also has the ability to grant special privileges to the lessee, such as early termination of the lease or renewal on unchanged terms."
      ]
    },
    {
      "tag": "Retail",
      "patterns": [
        "What is Retail",
        "Explain retail",
        "retail"
      ],
      "responses": [
        "Auto Retail Finance is the financial assistance taken by the customer for the purchase of his new \/ pre-owned automobile from the Financier at the agreed terms of repayment with ownership of the automobile remaining with the financier till the repayment."
      ]
    },
    {
      "tag": "Base price",
      "patterns": [
        "What is Base Price",
        "Base price",
        "explain base price"
      ],
      "responses": [
        "The base price is the price of the vehicle without options. "
      ]
    },
    {
      "tag": "Buy rate",
      "patterns": [
        "explain Buy rate",
        "what is buy rate",
        "buy rate"
      ],
      "responses": [
        "A buy rate is the interest rate that a potential lender quotes to your dealer when you apply for dealer-arranged financing. "
      ]
    },
    {
      "tag": "Co-signer",
      "patterns": [
        "Who is Cosigner",
        "explain cosigner",
        "cosigner",
        "Co-signer"
      ],
      "responses": [
        "A co-signer is a person—such as a parent, close family member, or friend—who pledges to pay back the loan if you do not. This can be a benefit both to you and your lender. A co-signer takes full responsibility to pay back the loan. Having a co-signer on your loan gives your lender additional assurance that the loan will be repaid. If you do not repay your loan, your co-signer will be liable for repayment even if the co-signer never drove your vehicle. If you’ve been asked to co-sign a loan, you should consider how it will impact your finances.\n"
      ]
    },
    {
      "tag": "Credit insurance",
      "patterns": [
        "What is credit insurance",
        "Explain credit insurance",
        "credit insurance"
      ],
      "responses": [
        "Credit insurance is optional insurance that may make your auto payments to your lender in certain situations, such as if you die or become disabled.  If you are considering credit insurance, make sure you understand the terms of the policy being offered. If you decide you need insurance, there may be cheaper ways for you to obtain coverage than to buy credit insurance and add it to your auto loan. For example, life insurance may be less expensive than credit life insurance and allow your family to pay off other expenses in addition to your auto loan. "
      ]
    },
    {
      "tag": "Debt product",
      "patterns": [
        "What is Debt Cancellation",
        "explain debt cancellation",
        "debt cancellation",
        "What is Debt Suspension",
        "debt suspension"
      ],
      "responses": [
        "Some auto dealers as well as banks and credit unions offer “debt cancellation” and “debt suspension” products or insurance under various names. These products are similar to credit insurance in terms of their function, but fees and other features may be different."
      ]
    },
    {
      "tag": "Deficiency balance",
      "patterns": [
        "What is Deficiency balance",
        "Explain deficiency balance",
        "deficiency balance"
      ],
      "responses": [
        "if your vehicle is repossessed and sold, you may be responsible for paying the difference between the amount left on your loan (plus repossession fees) and the sale price. This is known as a “deficiency balance."
      ]
    },
    {
      "tag": "Down payment",
      "patterns": [
        "What is Down payment",
        "Explain down payment",
        "Down payment"
      ],
      "responses": [
        "A down payment is an initial, upfront payment you make toward the total cost of the vehicle. Your down payment could be cash, the value of a trade-in, or both. The more you put down, the less you need to borrow. A larger down payment may also reduce your monthly payment and your total cost of financing."
      ]
    },
    {
      "tag": "extended warranty",
      "patterns": [
        "What is extended warranty",
        "Explain extended warranty",
        "extended warranty"
      ],
      "responses": [
        "An extended warranty or vehicle service contract covers the costs of some types of repairs in addition to or after the manufacturer’s warranty ends."
      ]
    },
    {
      "tag": "VSC",
      "patterns": [
        "What is VSC",
        "vehicle service contract",
        "explain vsc",
        "vsc"
      ],
      "responses": [
        "Vehicle Service Contract overs the costs of some types of repairs in addition to or after the manufacturer’s warranty ends."
      ]
    },
    {
      "tag": "Fixed rate",
      "patterns": [
        "What is Fixed rate financing",
        "explain fixed rate",
        "fixed rate"
      ],
      "responses": [
        "Fixed-rate financing means the interest rate on your loan does not change over the life of your loan. With a fixed rate, you can see your payment for each month and the total you will pay over the life of a loan. You might prefer fixed-rate financing if you are looking for a loan payment that won’t change. Fixed-rate financing is one type of financing. Another type is variable-rate financing."
      ]
    },
     {
      "tag": "GAP",
      "patterns": [
        "What is GAP",
        "Guaranteed Auto Protection",
        "GAP",
        "Explain GAP"
      ],
      "responses": [
        "GAP(Guaranteed Auto Protection) insurance covers the difference (or gap) between the amount you owe on your auto loan and what your insurance pays if your vehicle is stolen, damaged, or totaled. You don’t have to buy this insurance, but if you decide you want it, shop around. Lenders may set varying prices for this product."
      ]
    },
    {
      "tag": "Interest rate",
      "patterns": [
        "What is Interest rate",
        "Interest rate",
        "Explain interest rate"
      ],
      "responses": [
        "An auto loan’s interest rate is the cost you pay each year to borrow money expressed as a percentage. The interest rate does not include fees charged for the loan. "
      ]
    },
    {
      "tag": "term ",
      "patterns": [
        "What is loan term",
        "loan term",
        "explain loan term"
      ],
      "responses": [
        "This is the length of your auto loan, generally expressed in months. A shorter loan term (in which you make monthly payments for fewer months) will reduce your total loan cost. A longer loan can reduce your monthly payment, but you pay more interest over the life of the loan. "
      ]
    },
    {
      "tag": "LTV",
      "patterns": [
        "What is LTV",
        "loan to vehicle value",
        "loan to vehicle",
        "LTV"
      ],
      "responses": [
        "A loan-to-value ratio (LTV) is the total dollar value of your loan divided by the actual cash value (ACV) of your vehicle. It is usually expressed as a percentage. Your down payment reduces the loan to value ratio of your loan. "
      ]
    },
    {
      "tag": "incentives",
      "patterns": [
        "Manufacturer incentives",
        "incentives",
        "explain manufacturer incentives"
      ],
      "responses": [
        "Manufacturer incentives are special deals, like 0% financing or cash rebates that you may have seen advertised for new vehicles. Often, they are offered only for certain models."
      ]
    },
    {
      "tag": "MSRP",
      "patterns": [
        "MSRP",
        "Manufacturer Suggested Retail Price",
        "what is MSRP"
      ],
      "responses": [
        "The Manufacturer Suggested Retail Price (MSRP) is the price that the automaker – the manufacturer – suggests that the dealer ask for the vehicle. "
      ]
    },
    {
      "tag": "Equity",
      "patterns": [
        "Negative equity",
        "equity",
        "what is Negative equity"
      ],
      "responses": [
        "If you owe more on your current auto loan than the vehicle is worth—referred to as being “upside down”—then you have negative equity. In other words, if you tried to sell your vehicle, you wouldn’t be able to get what you already owe on it."
      ]
    },
    {
      "tag": "VSI",
      "patterns": [
        "VSI",
        "Vendor's Single Interest",
        "what is VSI"
      ],
      "responses": [
        "Vendor's Single Interest (VSI) insurance protects the lender in the event that the vehicle is damaged or destroyed. "
      ]
    },
    {
      "tag": "Trade in",
      "patterns": [
        "Trade in value",
        "Explain trade in value",
        "what is trade in"
      ],
      "responses": [
        "The value of a buyer’s used car, which a dealership applies toward their car purchase"
      ]
    },
    {
      "tag": "CPO",
      "patterns": [
        "What is CPO",
        "Certified Pre owned cars",
        "Pre owned cars",
        "CPO"
      ],
      "responses": [
        "A certified pre-owned (CPO) is a used car that has been thoroughly inspected (pre-purchase inspection) and refurbished to perfection by the experts."
      ]
    },
    {
      "tag": "DTI",
      "patterns": [
        "DTI",
        "What is DTI",
        "Explain DTI",
        "Debt-to-income ratio"
      ],
      "responses": [
        "A percentage that expresses a borrower’s monthly debt payments compared to their gross monthly income"
      ]
    },
    {
      "tag": "Gross income",
      "patterns": [
        "Gross income",
        "Explain Gross income",
        "What is gross income"
      ],
      "responses": [
        "A person’s income before taxes and other deductions are taken out"
      ]
    },
    {
      "tag": "Late payment",
      "patterns": [
        "Late payment",
        "What is late payment",
        "Explain late payment"
      ],
      "responses": [
        "A car loan payment that has not been made before the due date"
      ]
    },
    {
      "tag": "PTI",
      "patterns": [
        "PTI",
        "Payment to Income Ratio",
        "What is PTI",
        "Explain PTI"
      ],
      "responses": [
        "The percentage of an individual’s income that an auto loan payment will require"
      ]
    },
    {
      "tag": "Principal",
      "patterns": [
        "Principal",
        "Explain principal",
        "what is principal"
      ],
      "responses": [
        "The amount owed on the car, not including interest"
      ]
    },
    {
      "tag": "Stips ",
      "patterns": [
        "Stips",
        "Stipulations",
        "What is strips",
        "Explain Strips"
      ],
      "responses": [
        "Documents that are required by a lender to fund a loan, including proof of income and residence"
      ]
    },
    {
      "tag": "Title",
      "patterns": [
        "Title",
        "What is title",
        "Explain title"
      ],
      "responses": [
        "Evidence that proves legal ownership of a vehicle"
      ]
    },
    {
      "tag": "Title loan",
      "patterns": [
        "Title loan",
        "Explain Title loan",
        "what is Title loan"
      ],
      "responses": [
        "A type of loan that uses the equity in your car to lend you cash"
      ]
    },
    {
      "tag": "TILA",
      "patterns": [
        "Truth in Lending Act",
        "TILA",
        "What is TILA"
      ],
      "responses": [
        "A federal law that requires creditors to disclose credit terms using a standard format"
      ]
    },
    {
      "tag": "VIN",
      "patterns": [
        "VIN",
        "Vehicle identification number",
        "What is VIN",
        "VIN number"
      ],
      "responses": [
        "The serial number given to a vehicle by the manufacturer"
      ]
    },
     {
      "tag": "buydown",
      "patterns": [
        "define Buy down",
        "What is buydown",
        "buydown",
        "buy down"
      ],
      "responses": [
        "A buydown is an option used by car buyers to get lower interest rates on their car loans for a certain amount of time. This typically applies to the beginning of the loan and can help borrowers save on interest over the life of the loan."
      ]
    },
    {
      "tag": "subvention ",
      "patterns": [
        "subvention ",
        "What is subvention",
        "Explain subvention",
        "Define subvention"
      ],
      "responses": [
        "A subvention scheme is where the lender offers the interest for a fixed period."
      ]
    },
    {
      "tag": "SSN",
      "patterns": [
        "SSN",
        "Social Security Administration",
        "What is SSN"
      ],
      "responses": [
        "The Social Security Administration (SSA) assigns nine-digit Social Security numbers (SSNs) to U.S. citizens, permanent residents and eligible nonimmigrant workers in the United States"
      ]
    },
    {
      "tag": "ABS",
      "patterns": [
        "ABS",
        "Asset Backed Securities",
        "What is ABS"
      ],
      "responses": [
        "Asset Backed Securities"
      ]
    },
    {
      "tag": "Rebate",
      "patterns": [
        "Rebate",
        "Manufacturer Rebate",
        "What is rebate"
      ],
      "responses": [
        "A manufacturer's reduction to the price of an auto, which serves as an incentive to buyers. May also be referred to as a manufacturer's rebate or customer incentive."
      ]
    },
    {
      "tag": "Amount Financed",
      "patterns": [
        "Amount Financed",
        "what is amount financed"
      ],
      "responses": [
        "The amount of credit provided by a lender."
      ]
    },
    {
      "tag": "Balloon",
      "patterns": [
        "Balloon",
        "Explain balloon",
        "What is balloon"
      ],
      "responses": [
        "The type of residual-based financing wherein the sum of the monthly payments covers a fraction of the principal balance. The remaining “balloon” payment is typically due to the lender at the end of the loan term."
      ]
    },
    {
      "tag": "Risk",
      "patterns": [
        "Credit Risk",
        "Risk",
        "Explain credit risk"
      ],
      "responses": [
        "Measured risk based on the uncertainty that a borrower will be able to meet his financial obligations, such as repaying an auto loan."
      ]
    },
    {
      "tag": "Union",
      "patterns": [
        "Credit Union",
        "union",
        "Explain union",
        "what is credit union"
      ],
      "responses": [
        "A member-owned financial cooperative in which members can borrow from pooled deposits at low interest rates and can access other financial services."
      ]
    },
    {
      "tag": "Guarantor ",
      "patterns": [
        "Guarantor ",
        "Explain Guarantor",
        "what is Guarantor"
      ],
      "responses": [
        "One who agrees to pay the debt of another."
      ]
    },
    {
      "tag": "Invoice",
      "patterns": [
        "Dealer Invoice",
        "Explain dealer invoice",
        "what is dealer invoice",
        "invoice"
      ],
      "responses": [
        "The amount the dealer pays the manufacturer for an auto."
      ]
    },
    {
      "tag": "Due Date",
      "patterns": [
        "Due Date",
        "Explain due date",
        "when is due date"
      ],
      "responses": [
        "The date in a given month that a loan payment is due."
      ]
    },
    {
      "tag": "FCRA",
      "patterns": [
        "FCRA",
        "Fair Credit Reporting Act",
        "what is FCRA"
      ],
      "responses": [
        "A consumer protection law that regulates the disclosure of consumer credit reports by consumer\/credit reporting agencies and establishes procedures for correcting mistakes on one's credit record."
      ]
    },
    {
      "tag": "Lien",
      "patterns": [
        "Lien",
        "explain Lien"
      ],
      "responses": [
        "A security interest in property, such as an auto, to secure the payment of an obligation."
      ]
    },
    {
      "tag": "Lien holder",
      "patterns": [
        "Lien Holder",
        "linen holder"
      ],
      "responses": [
        "The individual or company holding a security interest in collateral to ensure repayment of a loan."
      ]
    },
    {
      "tag": "ReFinance",
      "patterns": [
        "what is refinance",
        "refinance",
        "refi"
      ],
      "responses": [
        "refinance, or refi for short, refers to the process of revising and replacing the terms of an existing credit agreement, usually as it relates to a loan or mortgage."
      ]
    },
    {
      "tag": "Auto Loan",
      "patterns": [
        "Explain Auto Loan Workflow in Honda",
        "Loan Workflow in Honda",
        "loan process in honda"
      ],
      "responses": [
        "1. Select Car\n2. Decide on the Loan Type - Retail\/Lease\n3. Credit application - Customer Information\/Vehicle Information\/Finance Information\n4. Credit Application approved by Lender\n5. Submit Contract with Customer Information\/Vehicle Information\/Finance Information with signatures of Customer and Dealer\n6. Book the contract\n7. After Sales, monitor the customer payment"
      ]
    },
    {
      "tag": "Auto Loan",
      "patterns": [
        "Are loans for pre-owned cars different from new car loans"

      ],
      "responses": [
        "A new vehicle will cost more than an identical pre-owned vehicle will affect the amount of money borrowed. However, when purchasing a new vehicle, some manufacturers offer low, or even 0%, financing options. In general, rates on new vehicles, for these reasons, tend to be lower."
      ]
    },
    {
      "tag": "Auto Loan",
      "patterns": [
        "What are the different finance options that Honda provide",
        "finance types in honda"
      ],
      "responses": [
        "Retail,Lease and Balloon"
      ]
    },
    {
      "tag": "Aboutus page",
      "patterns": [
        "When was Honda founded ",
        " who were the driving force behind its growth?"
      ],
      "responses": [
        "Honda was founded in 1948 by Mr. Soichiro Honda and Mr. Takeo Fujisawa, who are credited for the company’s rapid expansion and success."
      ]
    },
    {
      "tag": "Subsidiary",
      "patterns": [
        "What is the name of the North American subsidiary of Honda that is responsible for distribution, marketing, and sales of Honda and Acura automobiles?"
      ],
      "responses": [
        " American Honda Motor Company Inc."
      ]
    },
    {
      "tag": "VisionStatement ",
      "patterns": [
        "What is the main focus of Honda’s vision statement for the future?"
      ],
      "responses": [
        "The main focus is on “Reform Art of Manufacturing for EV Era,” aiming to enhance global mobility and provide people worldwide with joy by expanding their life’s potential."
      ]
    },
    {
      "tag": "funtional testing performed",
      "patterns": [
        "What applications is functional testing performed"
      ],
      "responses": [
        "Functional testing is performed on all the Honda applications like N-Origination, CASS Systems, and C-LOS."
      ]
    },
    {
      "tag": "Test logs and defects",
      "patterns": [
        "What tools are used for maintaining Test logs and Defects"
      ],
      "responses": [
        "Test management tools like Jira, Confluence, and HP-ALM are used for maintaining Test logs and Defects."
      ]
    },
    {
      "tag": "detailedtestdesign",
      "patterns": [
        "What does the team do after detailed analysis during Test design Phase?"
      ],
      "responses": [
        "The team identifies test matrix\/scenarios\/cases."
      ]
    },
    {
      "tag": "testprojectautomation",
      "patterns": [
        "What is the name of the new platform introduced to the testing team in 2021?"
      ],
      "responses": [
        "Salesforce testing"
      ]
    },
    {
      "tag": "salesforcecustomerportal",
      "patterns": [
        "What is the main purpose of migrating the customer portal from the existing system to Salesforce?"
      ],
      "responses": [
        "To make sure the payment gateway and other customer services are migrated to the new platform with higher efficiency"
      ]
    },
    {
      "tag": "payment automation.",
      "patterns": [
        "What project tested the automated payment process from Salesforce to CyberSource and CASS?"
      ],
      "responses": [
        "Wed Re-Platform"
      ]
    },
    {
      "tag": "Salesforcetestingtools",
      "patterns": [
        "What are the two tools\/software used for Salesforce testing?",
        "salesforce testing"
      ],
      "responses": [
        "Customer portal and SOAP UI"
      ]
    },
    {
      "tag": "data errors",
      "patterns": [
        "What are some of the benefits of preventing data errors from affecting payment batches?"
      ],
      "responses": [
        "Providing reconciliation points to provide higher visibility and control, preventing duplicate payments from posting, and alerting support teams whenever necessary"
      ]
    },
    {
      "tag": "objectiveperformancetesting",
      "patterns": [
        "What is the main objective of performance testing?"
      ],
      "responses": [
        "The main objective of performance testing is to measure and evaluate the application’s performance under different load conditions"
      ]
    },
    {
      "tag": "performanceapplications",
      "patterns": [
        "What are the types of applications that are tested for performance?"
      ],
      "responses": [
        "Honda applications like N-Origenations, CASS Systems are tested for performance."
      ]
    },
    {
      "tag": "criticalscenarios",
      "patterns": [
        "What are the critical scenarios that are identified for performance testing?"
      ],
      "responses": [
        "The critical scenarios are the ones that have high business impact, high user concurrency, high data volume, or high complexity."
      ]
    },
    {
      "tag": "majorexecutionperformance",
      "patterns": [
        "What are the major execution types of performance testing?"
      ],
      "responses": [
        "High Load, Peak, and Endurance testing are the major execution types of performance testing."
      ]
    },
    {
      "tag": "majortestingplatforms",
      "patterns": [
        "What are the major testing platforms of Honda with Selenium and UFT experts?"
      ],
      "responses": [
        "Automation testing is one of the major testing platforms of Honda with Selenium and UFT experts."
      ]
    },
    {
      "tag": "testingtypesautomation",
      "patterns": [
        "What are the major testing types that are performed using Amortization describes the process of gradually paying off your auto loan. In an amortizing loan, for each of your monthly payments, a portion is applied towards the amount of the loan – the principal – and a portion of the payment is applied towards paying the finance charge – the interest.?"
      ],
      "responses": [
        "Major testing types that are performed using Automation are smoke testing, End to End validation and Regression testing."
      ]
    },
    {
      "tag": "CASSautomatingtests",
      "patterns": [
        "What tool does CASS team use for automating the test flow in every monthly Release?"
      ],
      "responses": [
        "CASS team uses UFT for automating the test flow in every monthly Release."
      ]
    },
    {
      "tag": "ClosSmokeandRegression",
      "patterns": [
        "What tool does CLOS use for validating the smoke test and regression test suite?"
      ],
      "responses": [
        "CLOS uses Cognizant Intelligent Test Scripter (CITS) for validating the smoke test and regression test suite."
      ]
    },
    {
      "tag": "CITS",
      "patterns": [
        "full form of CITS",
        "CITS"
      ],
      "responses": [
        "cogniznt inteligent test scripter"
      ]
    },
    {
      "tag": "TestManagementTools",
      "patterns": [
        "what are the Test management tools uses in honda"
      ],
      "responses": [
        "please for the link"
      ]
    }
  ]
}
